session,question,answer,answer_processed
S1,서비스 첫 인상은 어땠나요?,"음… 솔직히 처음에 접속했을 때는 좀 confusing 했어요. UI가 직관적이지는 않은 것 같고, 메뉴도 많고 어디서 뭘 눌러야 할지 잠깐 멍했어요. 뭐랄까, 깔끔하긴 한데 너무 복잡하게 느껴졌달까요? 그리고 색감이랑 버튼 위치가 제 취향이랑 조금 달라서, 아… 처음엔 좀 헷갈렸어요 ㅋㅋ","처음에 접속했을 때는 좀 혼란스러웠어요. UI가 직관적이지 않고, 메뉴도 많아서 어디서 뭘 눌러야 할지 헷갈렸어요. 너무 복잡하게 느껴졌고, 색감이랑 버튼 위치도 취향과 달라서 처음에는 좀 헷갈렸어요."
S1,가장 불편했던 점은 무엇인가요?,"로그인할 때 계속 email 인증 오류가 떠서 진짜 짜증났어요 😭. 뭐지, 몇 번을 다시 해도 error message만 나오고… 그거 때문에 몇 분을 허비했네요. 아 그리고 혹시 모르니까 브라우저를 바꿔봤는데도 똑같아서, 음… 좀 답답했어요. 이거 개선되면 훨씬 편할 것 같아요.",로그인할 때 email 인증 오류가 계속 발생해서 짜증났어요. 몇 번을 다시 해도 error message만 나와서 몇 분을 허비했어요. 브라우저를 바꿔봐도 똑같아서 답답했어요. 개선되면 편할 것 같아요.
S1,이 서비스를 친구에게 추천하시겠습니까?,"음… 솔직히 지금 상태로는 완전히 recommend 하기는 좀 애매하네요. 기능 자체는 괜찮긴 한데, 오류랑 UI 문제 때문에 약간 불편하거든요. 근데 업데이트 되면 충분히 추천할 수 있을 것 같아요. 그래서 지금은 maybe 정도랄까요?","지금 상태로는 완전히 추천하기는 애매해요. 기능은 괜찮지만, 오류와 UI 문제로 약간 불편해요. 업데이트 되면 추천할 수 있을 것 같아요. 지금은 maybe 정도에요."
S2,서비스 첫 인상은 어땠나요?,"처음엔 화면이 깔끔해서 괜찮다고 생각했어요. 근데 메뉴가 너무 많아서 뭐가 있는지 다 보기 힘들었고, 음… 여기저기 눌러보면서 탐색해야 했네요. 그래서 약간 헷갈리기도 하고, 뭐랄까… 초반에 적응 시간이 좀 필요했어요. 하지만 로딩 속도나 반응 속도는 나쁘지 않았습니다.","처음에는 화면이 깔끔해서 좋았어요. 하지만 메뉴가 너무 많아서 전체를 파악하기 어려웠고, 여기저기 눌러보면서 찾아야 했어요. 적응 시간이 필요했지만 로딩 속도나 반응 속도는 괜찮았어요."
S2,가장 불편했던 점은 무엇인가요?,"모바일에서 글씨가 너무 작아서 확대를 계속 해야 했어요. 특히 글씨가 작은 버튼은 누르기 어렵고, 화면이 꽤 답답하게 느껴졌습니다. 아 그리고 스크롤도 많고, 중간중간 위치가 바뀌어서 집중하기 힘들었어요. 이런 부분이 개선되면 훨씬 편리할 것 같아요.","모바일에서 글씨가 너무 작아서 확대를 자주 해야 했어요. 작은 버튼은 누르기 어렵고, 화면이 답답했어요. 스크롤도 많고, 위치가 바뀌어서 집중하기 힘들었어요. 개선되면 편리할 것 같아요."
S2,이 서비스를 친구에게 추천하시겠습니까?,"지금 상태로는 솔직히 추천하기 조금 애매해요. 기능은 흥미롭지만 불편한 부분이 있어서, 나중에 업데이트가 되면 추천할 수 있을 것 같아요. 지금은 maybe 정도로 생각합니다.","지금 상태로는 솔직히 추천하기 조금 애매해요. 기능은 흥미롭지만 불편한 부분이 있어서, 업데이트가 되면 추천할 수 있을 것 같아요. 지금은 maybe 정도로 생각합니다."
S3,서비스 첫 인상은 어땠나요?,"오, 반응 속도는 꽤 빠르네요. 페이지 전환이 즉각적이고 로딩도 짧아서 만족스러웠어요. 근데 디자인이 조금… hmm, old style이라고 해야 하나? 좀 촌스럽게 느껴졌습니다. 전체적으로 기능은 괜찮지만, UI와 색감이 제 취향과는 조금 달라서 아쉽네요.","반응 속도는 꽤 빠르네요. 페이지 전환이 즉각적이고 로딩도 짧아서 만족스러웠어요. 디자인이 조금 old style이라고 해야 하나? 촌스럽게 느껴졌습니다. 전체적으로 기능은 괜찮지만, UI와 색감이 제 취향과는 조금 달라서 아쉽네요."
S3,가장 불편했던 점은 무엇인가요?,"검색 기능이 느린 편이에요. 뭐랄까, 검색 후 결과가 나오는데 몇 초 정도 걸리고, 중간에 멈춘 느낌도 들어서 답답했어요. 그거 빼고는 큰 불편은 없었습니다. 다만 사용하다 보면 이 작은 지연이 쌓여서 조금 피로감을 주긴 합니다.","검색 기능이 느린 편이에요. 검색 후 결과가 나오는데 몇 초 정도 걸리고, 중간에 멈춘 느낌도 들어서 답답했어요. 그거 빼고는 큰 불편은 없었습니다. 사용하다 보면 이 작은 지연이 쌓여서 조금 피로감을 주긴 합니다."
S3,이 서비스를 친구에게 추천하시겠습니까?,"응, 제 친구들에게 말해줄 수는 있을 것 같아요. 다만 디자인이 조금 구식이라는 점이나, 검색 속도 문제를 이야기하면서 소개해야겠네요. 근데 기능 자체는 괜찮아서 추천 가능은 합니다 🙂","제 친구들에게 말해줄 수는 있을 것 같아요. 디자인이 조금 구식이라는 점이나, 검색 속도 문제를 이야기하면서 소개해야겠네요. 기능 자체는 괜찮아서 추천 가능은 합니다."
S4,서비스 첫 인상은 어땠나요?,"메뉴가 너무 많아서 어디를 눌러야 할지 처음에 혼란스러웠습니다;;; 버튼과 옵션이 많아서 한눈에 들어오지 않고, 음… 좀 정신없었어요. 처음 사용자 입장에서는 가이드가 조금 더 필요할 것 같아요.","메뉴가 너무 많아서 어디를 눌러야 할지 처음에 혼란스러웠습니다. 버튼과 옵션이 많아서 한눈에 들어오지 않고, 정신없었어요. 처음 사용자 입장에서는 가이드가 조금 더 필요할 것 같아요."
S4,가장 불편했던 점은 무엇인가요?,"검색 기능이 잘 작동하지 않았어요. 계속 no result만 뜨고, 원하는 정보를 찾기 어렵더라고요. 이 부분 때문에 몇 번을 다시 시도했는데도 실패해서 꽤 짜증났습니다. 개선이 필요합니다.","검색 기능이 잘 작동하지 않았어요. no result만 뜨고, 원하는 정보를 찾기 어렵더라고요. 이 부분 때문에 몇 번을 다시 시도했는데도 실패해서 짜증났습니다. 개선이 필요합니다."
S4,이 서비스를 친구에게 추천하시겠습니까?,"아니요… 아직은 추천하기 어렵네요 😅. 기능이 많긴 하지만 안정성이 부족하고, 검색 같은 기본 기능이 원활하지 않아서 친구에게 소개하기는 부담스럽습니다.","아직은 추천하기 어렵네요. 기능이 많긴 하지만 안정성이 부족하고, 검색 같은 기본 기능이 원활하지 않아서 친구에게 소개하기는 부담스럽습니다."
S5,서비스 첫 인상은 어땠나요?,"음… 전체적으로 괜찮긴 한데, 뭐랄까, 약간 complicated하다고 느껴졌어요. 메뉴가 많고 PC랑 모바일 화면이 달라서 적응이 필요했습니다. 처음엔 좋은 점보다는 복잡하다는 느낌이 강했네요.","전체적으로 괜찮긴 한데, 약간 complicated하다고 느껴졌어요. 메뉴가 많고 PC랑 모바일 화면이 달라서 적응이 필요했습니다. 처음엔 좋은 점보다는 복잡하다는 느낌이 강했네요."
S5,가장 불편했던 점은 무엇인가요?,"UI가 responsive하지 않아서, PC에서 보던 화면과 모바일 화면이 완전히 달라요. 버튼 위치, 글씨 크기 등이 달라서 사용하다가 헷갈릴 때가 많았습니다. 이런 점이 개선되면 훨씬 편리할 것 같아요.","UI가 responsive하지 않아서, PC에서 보던 화면과 모바일 화면이 완전히 달라요. 버튼 위치, 글씨 크기 등이 달라서 사용하다가 헷갈릴 때가 많았습니다. 이런 점이 개선되면 훨씬 편리할 것 같아요."
S5,이 서비스를 친구에게 추천하시겠습니까?,아직은 not yet… maybe 업데이트 후에는 추천할 수 있을 것 같아요. 현재 상태로는 불편한 점이 있어 완전히 추천하기는 어렵습니다.,아직은 not yet… maybe 업데이트 후에는 추천할 수 있을 것 같아요. 현재 상태로는 불편한 점이 있어 완전히 추천하기는 어렵습니다.
